Entry	Entry name	Status	Protein names	Gene names	Organism	Length	Modified residue
P02829	HSP82_YEAST	reviewed	ATP-dependent molecular chaperone HSP82 (82 kDa heat shock protein) (Heat shock protein Hsp90 heat-inducible isoform)	HSP82 HSP90 YPL240C	Saccharomyces cerevisiae (strain ATCC 204508 / S288c) (Baker's yeast)	709	MOD_RES 657;  /note="Phosphoserine";  /evidence="ECO:0000250|UniProtKB:P15108"
P38398	BRCA1_HUMAN	reviewed	Breast cancer type 1 susceptibility protein (EC 2.3.2.27) (RING finger protein 53) (RING-type E3 ubiquitin transferase BRCA1)	BRCA1 RNF53	Homo sapiens (Human)	1863	MOD_RES 1;  /note="N-acetylmethionine";  /evidence="ECO:0000244|PubMed:22814378"; MOD_RES 114;  /note="Phosphoserine";  /evidence="ECO:0000244|PubMed:20068231, ECO:0000244|PubMed:21406692, ECO:0000244|PubMed:23186163"; MOD_RES 308;  /note="Phosphoserine; by AURKA";  /evidence="ECO:0000269|PubMed:14990569"; MOD_RES 395;  /note="Phosphoserine";  /evidence="ECO:0000244|PubMed:18669648, ECO:0000244|PubMed:19690332"; MOD_RES 398;  /note="Phosphoserine";  /evidence="ECO:0000244|PubMed:18669648, ECO:0000244|PubMed:19690332"; MOD_RES 423;  /note="Phosphoserine";  /evidence="ECO:0000244|PubMed:20068231"; MOD_RES 434;  /note="Phosphoserine";  /evidence="ECO:0000244|PubMed:23186163"; MOD_RES 551;  /note="Phosphoserine";  /evidence="ECO:0000244|PubMed:23186163"; MOD_RES 694;  /note="Phosphoserine";  /evidence="ECO:0000244|PubMed:20068231, ECO:0000244|PubMed:23186163"; MOD_RES 708;  /note="Phosphoserine";  /evidence="ECO:0000244|PubMed:23186163"; MOD_RES 725;  /note="Phosphoserine";  /evidence="ECO:0000250|UniProtKB:P48754"; MOD_RES 753;  /note="Phosphoserine";  /evidence="ECO:0000244|PubMed:18669648"; MOD_RES 840;  /note="Phosphoserine";  /evidence="ECO:0000250|UniProtKB:P48754"; MOD_RES 988;  /note="Phosphoserine; by CHEK2";  /evidence="ECO:0000269|PubMed:10724175, ECO:0000269|PubMed:20364141"; MOD_RES 1009;  /note="Phosphoserine";  /evidence="ECO:0000244|PubMed:23186163"; MOD_RES 1143;  /note="Phosphoserine; by ATR; in vitro";  /evidence="ECO:0000269|PubMed:11114888"; MOD_RES 1189;  /note="Phosphoserine";  /evidence="ECO:0000244|PubMed:23186163"; MOD_RES 1191;  /note="Phosphoserine";  /evidence="ECO:0000244|PubMed:23186163"; MOD_RES 1211;  /note="Phosphoserine";  /evidence="ECO:0000244|PubMed:18669648"; MOD_RES 1217;  /note="Phosphoserine";  /evidence="ECO:0000244|PubMed:18669648"; MOD_RES 1218;  /note="Phosphoserine";  /evidence="ECO:0000244|PubMed:18669648, ECO:0000244|PubMed:21406692"; MOD_RES 1280;  /note="Phosphoserine; by ATR; in vitro";  /evidence="ECO:0000269|PubMed:11114888"; MOD_RES 1328;  /note="Phosphoserine";  /evidence="ECO:0000244|PubMed:20068231"; MOD_RES 1336;  /note="Phosphoserine";  /evidence="ECO:0000244|PubMed:17081983, ECO:0000244|PubMed:20068231, ECO:0000244|PubMed:21406692"; MOD_RES 1342;  /note="Phosphoserine";  /evidence="ECO:0000244|PubMed:20068231, ECO:0000244|PubMed:21406692"; MOD_RES 1387;  /note="Phosphoserine; by ATM and ATR";  /evidence="ECO:0000269|PubMed:11114888"; MOD_RES 1394;  /note="Phosphothreonine; by ATR; in vitro";  /evidence="ECO:0000269|PubMed:11114888"; MOD_RES 1423;  /note="Phosphoserine; by ATM and ATR";  /evidence="ECO:0000269|PubMed:11114888"; MOD_RES 1457;  /note="Phosphoserine; by ATR; in vitro";  /evidence="ECO:0000269|PubMed:11114888"; MOD_RES 1524;  /note="Phosphoserine; by ATM";  /evidence="ECO:0000269|PubMed:21144835"; MOD_RES 1542;  /note="Phosphoserine";  /evidence="ECO:0000244|PubMed:23186163"
P0CG63	UBI4P_YEAST	reviewed	Polyubiquitin [Cleaved into: Ubiquitin]	UBI4 SCD2 YLL039C	Saccharomyces cerevisiae (strain ATCC 204508 / S288c) (Baker's yeast)	381	
Q6SJ61	Q6SJ61_ECOLX	unreviewed	Beta-lactamase (EC 3.5.2.6)	TEM-1 bla bla TEM-1 bla_1 bla_2 bla_3 blaTEM BlaTEM-1 blaTEM-1 blaTEM-116 blaTEM-1B blaTEM-1b blaTEM-1D blaTEM1 blaTEM1D blaTEM1E blaTEM1F A9P13_28195 A9X72_26835 AM270_26420 AM446_00085 AM446_01500 AM446_28610 AM465_26900 APT94_18370 APZ14_31345 AWB10_26610 AWB10_26655 AWE53_026680 AWE53_026935 AWG78_024795 AWG90_026225 AWG90_027110 AZZ83_005339 B6V57_21800 B9M99_27225 B9N33_22010 BANRA_05427 BE963_00655 BE963_02430 BEN53_25520 BHF03_26485 BHS81_30510 BIZ41_10685 BK373_28315 BON66_02690 BON69_00465 BON71_00055 BON72_28760 BON75_23670 BON76_21975 BON83_24205 BON86_07485 BON94_02815 BON96_02690 BTQ04_29690 BvCms28BK_01300 BvCmsKSP011_01969 BvCmsKSP058_01107 BvCmsKSP076_02555 BvCmsNSP006_05752 BvCmsNSP007_05206 BvCmsSIP019_02766 BvCmsSIP044_00450 BVL39_07935 BVL39_07960 BXT93_06865 C4M78_26775 C5P01_26235 C6669_28210 C7235_26735 C7B08_24405 C9306_29130 C9E25_29740 CF006_26545 CI641_024450 CI641_026585 CI693_23115 CI694_12095 CIG45_18405 CJU63_27040 CMR93_10915 CO706_01105 CO706_17370 COD30_29625 CQP61_30495 CRD98_13455 CRM83_20765 CRT43_28135 CRX46_27730 CUB99_27390 CWS33_22125 D2185_25835 D2188_24160 D3821_28420 D3822_31045 D3C88_10830 D3O91_19435 D3P01_27860 D4V08_27110 D4V08_28715 D6X76_20205 D6X76_29545 D9C02_24990 D9G11_24725 D9G11_25935 D9H53_25925 D9H53_26760 D9J44_25115 D9J44_27255 D9J60_20680 D9J60_27430 D9K54_14035 DAH37_27405 DB359_27515 DBQ99_00200 DJ503_26770 DM102_25535 DM129_26790 DM129_28235 DNX30_29295 DNX30_30505 DTM10_18330 DU309_24710 DU321_26460 DWB25_27415 E0L12_24050 E2115_26450 E2116_26650 E2128_25025 E2135_22030 E2148_26290 E2855_05498 E2855_05749 E2863_05341 E5P22_20565 E5P37_17910 EA223_26315 EAI52_20015 ECONIH1_27720 ECTO6_04962 ED600_28425 ED600_29850 EEP23_26160 EEP23_26960 EGT48_00070 EGT48_01525 EHH55_26375 EI021_25945 EIA21_25110 EIZ93_28475 EJC75_00590 EJC75_00695 EKI52_29585 ELT20_23760 ELT48_24185 ELT48_26800 ELT49_23665 ELV24_24545 ELV24_25955 ELV28_24995 ELV28_29525 ELY05_22530 ELY05_24915 EO241_29620 EPS76_27635 EPS91_24945 EQ825_26785 EQ830_27330 ERS085366_04069 ERS085374_04824 ERS085379_05281 ERS085379_05285 ERS085379_05288 ERS085383_04863 ERS085404_05058 ERS085406_05171 ERS085416_04824 ERS150873_04976 EST51_05820 EST51_21750 ETN48_p0069 EVY14_27485 ExPECSC019_04375 ExPECSC065_04112 EXX13_05385 EXX23_26100 EXX24_26615 EXX87_28600 EYD11_23855 EYD11_25215 F1E19_24595 FAF34_004085 FNJ69_25445 FNJ83_26155 FNJ83_26840 FTV92_27545 FTV93_29765 FWK02_02110 FY127_09010 HmCmsJML074_05244 HMPREF3040_00020 HUS41_pI0062 IPF_160 MJ49_11800 MJ49_26035 MJ49_27695 MS6198_B104 MS8345_04039 MS8345_A00015 NCTC12950_01033 NCTC13846_05077 NDM1Dok01_N0178 O2R_124 pEC012_00011 pEC012_00036 pG5A4Y217_19 pHN3A11_016 pHN7A8_020 pHNFP460_046 pOLA52_03 R6K_0002 RCS30_P0189 RCS35_PII0008 RCS37_PI0008 RCS39_P0009 RCS49_PIII0009 RCS55_PI0069 RCS57TR364_P0005 RCS59_P0142 RCS65_P0143 RCS89_P0042 rpec180_8 SAMEA3472043_04987 SAMEA3472056_05622 SAMEA3472070_04972 SAMEA3472080_04547 SAMEA3472090_01075 SAMEA3472108_05138 SAMEA3472110_05880 SAMEA3472112_05917 SAMEA3484434_05010 SAMEA3485113_00934 SAMEA3752372_05000 SAMEA3752557_04872 SAMEA3752559_03052 SAMEA3753300_05431 SAMEA4363221_00075 SAMEA4370473_00028 SY51_25725 SY51_26695 U12A_A00178 U14A_A00127 UN86_29555 WQ89_07960 YDC107_5001 YDC107_5272	Escherichia coli	286	
P35520	CBS_HUMAN	reviewed	Cystathionine beta-synthase (EC 4.2.1.22) (Beta-thionase) (Serine sulfhydrase)	CBS	Homo sapiens (Human)	551	MOD_RES 27;  /note="Phosphoserine";  /evidence="ECO:0000244|PubMed:21406692"; MOD_RES 119;  /note="N6-(pyridoxal phosphate)lysine";  /evidence="ECO:0000269|PubMed:11483494, ECO:0000269|PubMed:12173932"; MOD_RES 199;  /note="Phosphoserine";  /evidence="ECO:0000244|PubMed:23186163"
P51681	CCR5_HUMAN	reviewed	C-C chemokine receptor type 5 (C-C CKR-5) (CC-CKR-5) (CCR-5) (CCR5) (CHEMR13) (HIV-1 fusion coreceptor) (CD antigen CD195)	CCR5 CMKBR5	Homo sapiens (Human)	352	MOD_RES 3;  /note="Sulfotyrosine";  /evidence="ECO:0000269|PubMed:10089882"; MOD_RES 10;  /note="Sulfotyrosine";  /evidence="ECO:0000269|PubMed:21763489"; MOD_RES 14;  /note="Sulfotyrosine";  /evidence="ECO:0000269|PubMed:21763489"; MOD_RES 15;  /note="Sulfotyrosine";  /evidence="ECO:0000255"; MOD_RES 336;  /note="Phosphoserine; by BARK1";  /evidence="ECO:0000269|PubMed:10085131"; MOD_RES 337;  /note="Phosphoserine; by BARK1";  /evidence="ECO:0000269|PubMed:10085131"; MOD_RES 342;  /note="Phosphoserine; by BARK1";  /evidence="ECO:0000269|PubMed:10085131"; MOD_RES 349;  /note="Phosphoserine; by BARK1";  /evidence="ECO:0000269|PubMed:10085131"
P03612	CAPSD_BPMS2	reviewed	Capsid protein (CP) (Coat protein)		Escherichia phage MS2 (Bacteriophage MS2)	130	
P15056	BRAF_HUMAN	reviewed	Serine/threonine-protein kinase B-raf (EC 2.7.11.1) (Proto-oncogene B-Raf) (p94) (v-Raf murine sarcoma viral oncogene homolog B1)	BRAF BRAF1 RAFB1	Homo sapiens (Human)	766	MOD_RES 2;  /note="N-acetylalanine";  /evidence="ECO:0000269|Ref.8"; MOD_RES 151;  /note="Phosphoserine";  /evidence="ECO:0000244|PubMed:23186163, ECO:0000244|PubMed:24275569"; MOD_RES 333;  /note="Phosphoserine";  /evidence="ECO:0000250|UniProtKB:P28028"; MOD_RES 365;  /note="Phosphoserine; by SGK1";  /evidence="ECO:0000244|PubMed:23186163, ECO:0000269|PubMed:11410590, ECO:0000269|Ref.8"; MOD_RES 373;  /note="Phosphothreonine; by autocatalysis";  /evidence="ECO:0000269|PubMed:1508179"; MOD_RES 396;  /note="Phosphothreonine";  /evidence="ECO:0000269|Ref.8"; MOD_RES 399;  /note="Phosphoserine";  /evidence="ECO:0000269|Ref.8"; MOD_RES 401;  /note="Phosphothreonine";  /evidence="ECO:0000244|PubMed:16964243, ECO:0000244|PubMed:18669648, ECO:0000244|PubMed:23186163, ECO:0000269|Ref.8"; MOD_RES 446;  /note="Phosphoserine";  /evidence="ECO:0000244|PubMed:18669648, ECO:0000244|PubMed:23186163"; MOD_RES 447;  /note="Phosphoserine";  /evidence="ECO:0000244|PubMed:18669648"; MOD_RES 671;  /note="Omega-N-methylarginine; by PRMT5";  /evidence="ECO:0000269|PubMed:21917714"; MOD_RES 729;  /note="Phosphoserine";  /evidence="ECO:0000244|PubMed:18669648, ECO:0000244|PubMed:21406692, ECO:0000244|PubMed:23186163, ECO:0000269|Ref.8"; MOD_RES 750;  /note="Phosphoserine";  /evidence="ECO:0000250|UniProtKB:P28028"; MOD_RES 753;  /note="Phosphothreonine; by MAPK1";  /evidence="ECO:0000269|PubMed:19710016"
P07550	ADRB2_HUMAN	reviewed	Beta-2 adrenergic receptor (Beta-2 adrenoreceptor) (Beta-2 adrenoceptor)	ADRB2 ADRB2R B2AR	Homo sapiens (Human)	413	MOD_RES 141;  /note="Phosphotyrosine";  /evidence="ECO:0000269|PubMed:8521811"; MOD_RES 246;  /note="Phosphoserine";  /evidence="ECO:0000244|PubMed:17525332"; MOD_RES 261;  /note="Phosphoserine; by PKA";  /evidence="ECO:0000255"; MOD_RES 262;  /note="Phosphoserine; by PKA";  /evidence="ECO:0000255"; MOD_RES 345;  /note="Phosphoserine; by PKA";  /evidence="ECO:0000269|PubMed:11146000"; MOD_RES 346;  /note="Phosphoserine; by PKA";  /evidence="ECO:0000269|PubMed:11146000"; MOD_RES 355;  /note="Phosphoserine; by BARK";  /evidence="ECO:0000305"; MOD_RES 356;  /note="Phosphoserine; by BARK";  /evidence="ECO:0000305"; MOD_RES 382;  /note="4-hydroxyproline";  /evidence="ECO:0000269|PubMed:19584355"; MOD_RES 395;  /note="4-hydroxyproline";  /evidence="ECO:0000269|PubMed:19584355"
P04637	P53_HUMAN	reviewed	Cellular tumor antigen p53 (Antigen NY-CO-13) (Phosphoprotein p53) (Tumor suppressor p53)	TP53 P53	Homo sapiens (Human)	393	MOD_RES 9;  /note="Phosphoserine; by HIPK4";  /evidence="ECO:0000269|PubMed:18022393"; MOD_RES 15;  /note="Phosphoserine; by CDK5, PRPK, AMPK, NUAK1 and ATM";  /evidence="ECO:0000269|PubMed:10570149, ECO:0000269|PubMed:11554766, ECO:0000269|PubMed:15701641, ECO:0000269|PubMed:15866171, ECO:0000269|PubMed:17108107, ECO:0000269|PubMed:17591690, ECO:0000269|PubMed:17967874, ECO:0000269|PubMed:21317932, ECO:0000269|PubMed:28842590"; MOD_RES 18;  /note="Phosphothreonine; by CK1, VRK1 and VRK2";  /evidence="ECO:0000269|PubMed:10606744, ECO:0000269|PubMed:10951572, ECO:0000269|PubMed:16704422"; MOD_RES 20;  /note="Phosphoserine; by CHEK2, CK1 and PLK3";  /evidence="ECO:0000269|PubMed:10570149, ECO:0000269|PubMed:11447225, ECO:0000269|PubMed:11551930, ECO:0000269|PubMed:12810724, ECO:0000269|PubMed:20041275"; MOD_RES 33;  /note="Phosphoserine; by CDK5 and CDK7";  /evidence="ECO:0000269|PubMed:17591690, ECO:0000269|PubMed:9372954"; MOD_RES 37;  /note="Phosphoserine; by MAPKAPK5";  /evidence="ECO:0000269|PubMed:17254968"; MOD_RES 46;  /note="Phosphoserine; by CDK5, DYRK2, HIPK2 and PKC/PRKCG";  /evidence="ECO:0000269|PubMed:11740489, ECO:0000269|PubMed:11780126, ECO:0000269|PubMed:16377624, ECO:0000269|PubMed:17349958, ECO:0000269|PubMed:17591690"; MOD_RES 55;  /note="Phosphothreonine; by TAF1 and GRK5";  /evidence="ECO:0000269|PubMed:15053879, ECO:0000269|PubMed:20124405"; MOD_RES 120;  /note="N6-acetyllysine; by KAT6A";  /evidence="ECO:0000269|PubMed:23431171"; MOD_RES 183;  /note="Phosphoserine; by AURKB";  /evidence="ECO:0000269|PubMed:20959462"; MOD_RES 269;  /note="Phosphoserine; by AURKB";  /evidence="ECO:0000269|PubMed:20959462"; MOD_RES 284;  /note="Phosphothreonine; by AURKB";  /evidence="ECO:0000269|PubMed:20959462"; MOD_RES 305;  /note="N6-acetyllysine";  /evidence="ECO:0000269|PubMed:12724314"; MOD_RES 315;  /note="Phosphoserine; by AURKA, CDK1 and CDK2";  /evidence="ECO:0000269|PubMed:10884347, ECO:0000269|PubMed:14702041"; MOD_RES 321;  /note="N6-acetyllysine";  /evidence="ECO:0000250|UniProtKB:P02340"; MOD_RES 333;  /note="Omega-N-methylarginine; by PRMT5";  /evidence="ECO:0000269|PubMed:19011621"; MOD_RES 335;  /note="Symmetric dimethylarginine; by PRMT5";  /evidence="ECO:0000269|PubMed:19011621"; MOD_RES 337;  /note="Symmetric dimethylarginine; by PRMT5";  /evidence="ECO:0000269|PubMed:19011621"; MOD_RES 370;  /note="N6,N6-dimethyllysine; alternate";  /evidence="ECO:0000269|PubMed:17108971, ECO:0000269|PubMed:22864287"; MOD_RES 370;  /note="N6-methyllysine; by SMYD2; alternate";  /evidence="ECO:0000269|PubMed:17108971, ECO:0000269|PubMed:22864287"; MOD_RES 372;  /note="N6-methyllysine; by SETD7";  /evidence="ECO:0000269|PubMed:15525938, ECO:0000269|PubMed:16415881"; MOD_RES 373;  /note="N6,N6-dimethyllysine; by EHMT1 and EHMT2; alternate";  /evidence="ECO:0000269|PubMed:20118233"; MOD_RES 373;  /note="N6-acetyllysine; alternate";  /evidence="ECO:0000269|PubMed:10656795"; MOD_RES 381;  /note="N6-acetyllysine";  /evidence="ECO:0000244|PubMed:19608861"; MOD_RES 382;  /note="N6,N6-dimethyllysine; alternate";  /evidence="ECO:0000269|PubMed:17707234, ECO:0000269|PubMed:20870725, ECO:0000269|PubMed:22864287"; MOD_RES 382;  /note="N6-acetyllysine; by KAT6A; alternate";  /evidence="ECO:0000244|PubMed:19608861, ECO:0000269|PubMed:10656795, ECO:0000269|PubMed:20228809, ECO:0000269|PubMed:23431171"; MOD_RES 382;  /note="N6-methyllysine; by KMT5A; alternate";  /evidence="ECO:0000269|PubMed:17707234, ECO:0000269|PubMed:20870725, ECO:0000269|PubMed:22864287"; MOD_RES 392;  /note="Phosphoserine; by CK2, CDK2 and NUAK1";  /evidence="ECO:0000269|PubMed:10884347, ECO:0000269|PubMed:11239457, ECO:0000269|PubMed:17108107, ECO:0000269|PubMed:21317932, ECO:0000269|PubMed:22214662"
P28482	MK01_HUMAN	reviewed	Mitogen-activated protein kinase 1 (MAP kinase 1) (MAPK 1) (EC 2.7.11.24) (ERT1) (Extracellular signal-regulated kinase 2) (ERK-2) (MAP kinase isoform p42) (p42-MAPK) (Mitogen-activated protein kinase 2) (MAP kinase 2) (MAPK 2)	MAPK1 ERK2 PRKM1 PRKM2	Homo sapiens (Human)	360	MOD_RES 2;  /note="N-acetylalanine";  /evidence="ECO:0000244|PubMed:19413330, ECO:0000244|PubMed:22223895, ECO:0000244|PubMed:22814378, ECO:0000269|PubMed:12665801"; MOD_RES 29;  /note="Phosphoserine; by SGK1";  /evidence="ECO:0000269|PubMed:19447520"; MOD_RES 185;  /note="Phosphothreonine; by MAP2K1 and MAP2K2";  /evidence="ECO:0000244|PubMed:18669648, ECO:0000244|PubMed:19690332, ECO:0000244|PubMed:21406692, ECO:0000244|PubMed:23186163"; MOD_RES 187;  /note="Phosphotyrosine; by MAP2K1 and MAP2K2";  /evidence="ECO:0000244|PubMed:18669648, ECO:0000244|PubMed:19690332, ECO:0000244|PubMed:21406692, ECO:0000244|PubMed:23186163, ECO:0000269|PubMed:19053285, ECO:0000269|PubMed:19494114"; MOD_RES 190;  /note="Phosphothreonine; by autocatalysis";  /evidence="ECO:0000269|PubMed:19060905"; MOD_RES 246;  /note="Phosphoserine";  /evidence="ECO:0000269|PubMed:18760948"; MOD_RES 248;  /note="Phosphoserine";  /evidence="ECO:0000269|PubMed:18760948"; MOD_RES 284;  /note="Phosphoserine";  /evidence="ECO:0000244|PubMed:19369195"
P01112	RASH_HUMAN	reviewed	GTPase HRas (H-Ras-1) (Ha-Ras) (Transforming protein p21) (c-H-ras) (p21ras) [Cleaved into: GTPase HRas, N-terminally processed]	HRAS HRAS1	Homo sapiens (Human)	189	MOD_RES 1;  /note="N-acetylmethionine; in GTPase HRas; alternate";  /evidence="ECO:0000269|Ref.12"; MOD_RES 2;  /note="N-acetylthreonine; in GTPase HRas, N-terminally processed";  /evidence="ECO:0000269|Ref.12"; MOD_RES 118;  /note="S-nitrosocysteine";  /evidence="ECO:0000269|PubMed:9020151"; MOD_RES 186;  /note="Cysteine methyl ester";  /evidence="ECO:0000269|PubMed:8626715"
P12931	SRC_HUMAN	reviewed	Proto-oncogene tyrosine-protein kinase Src (EC 2.7.10.2) (Proto-oncogene c-Src) (pp60c-src) (p60-Src)	SRC SRC1	Homo sapiens (Human)	536	MOD_RES 17;  /note="Phosphoserine";  /evidence="ECO:0000244|PubMed:18088087, ECO:0000244|PubMed:19369195, ECO:0000244|PubMed:23186163, ECO:0000244|PubMed:24275569"; MOD_RES 75;  /note="Phosphoserine; by CDK5";  /evidence="ECO:0000244|PubMed:23186163, ECO:0000269|PubMed:21442427"; MOD_RES 187;  /note="Phosphotyrosine";  /evidence="ECO:0000250|UniProtKB:P05480"; MOD_RES 419;  /note="Phosphotyrosine; by autocatalysis";  /evidence="ECO:0000269|PubMed:14661060, ECO:0000269|PubMed:18936167, ECO:0000269|PubMed:19307596, ECO:0000269|PubMed:26936507, ECO:0000269|PubMed:6273838"; MOD_RES 419;  /note="Phosphotyrosine; by FAK2";  /evidence="ECO:0000250"; MOD_RES 530;  /note="Phosphotyrosine; by CSK";  /evidence="ECO:0000244|PubMed:19369195, ECO:0000269|PubMed:19307596, ECO:0000269|PubMed:26936507, ECO:0000269|PubMed:7525268, ECO:0000269|PubMed:7929427"
P04147	PABP_YEAST	reviewed	Polyadenylate-binding protein, cytoplasmic and nuclear (PABP) (Poly(A)-binding protein) (ARS consensus-binding protein ACBP-67) (Polyadenylate tail-binding protein)	PAB1 YER165W	Saccharomyces cerevisiae (strain ATCC 204508 / S288c) (Baker's yeast)	577	MOD_RES 2;  /note="N-acetylalanine";  /evidence="ECO:0000269|PubMed:9298649"; MOD_RES 107;  /note="Omega-N-methylarginine";  /evidence="ECO:0000269|PubMed:23865587"; MOD_RES 249;  /note="Phosphoserine";  /evidence="ECO:0000244|PubMed:18407956"; MOD_RES 332;  /note="Phosphoserine";  /evidence="ECO:0000244|PubMed:19779198"; MOD_RES 405;  /note="Phosphoserine";  /evidence="ECO:0000244|PubMed:19779198"
P60484	PTEN_HUMAN	reviewed	Phosphatidylinositol 3,4,5-trisphosphate 3-phosphatase and dual-specificity protein phosphatase PTEN (EC 3.1.3.16) (EC 3.1.3.48) (EC 3.1.3.67) (Mutated in multiple advanced cancers 1) (Phosphatase and tensin homolog)	PTEN MMAC1 TEP1	Homo sapiens (Human)	403	MOD_RES 2;  /note="N-acetylthreonine";  /evidence="ECO:0000244|PubMed:22814378"; MOD_RES 294;  /note="Phosphoserine";  /evidence="ECO:0000250|UniProtKB:O08586"; MOD_RES 336;  /note="Phosphotyrosine; by FRK";  /evidence="ECO:0000269|PubMed:19345329"; MOD_RES 366;  /note="Phosphothreonine; by GSK3-beta and PLK3";  /evidence="ECO:0000244|PubMed:24275569, ECO:0000269|PubMed:12297295, ECO:0000269|PubMed:20940307"; MOD_RES 370;  /note="Phosphoserine; by CK2 and PLK3";  /evidence="ECO:0000269|PubMed:11035045, ECO:0000269|PubMed:12297295, ECO:0000269|PubMed:20940307"; MOD_RES 380;  /note="Phosphoserine; by ROCK1 and CK2";  /evidence="ECO:0000269|PubMed:11035045"; MOD_RES 382;  /note="Phosphothreonine; by ROCK1 and CK2";  /evidence="ECO:0000269|PubMed:11035045"; MOD_RES 383;  /note="Phosphothreonine; by ROCK1 and CK2";  /evidence="ECO:0000269|PubMed:11035045"; MOD_RES 385;  /note="Phosphoserine; by CK2";  /evidence="ECO:0000269|PubMed:11035045, ECO:0000269|PubMed:12297295"; MOD_RES 401;  /note="Phosphothreonine";  /evidence="ECO:0000269|PubMed:10646847"
P61073	CXCR4_HUMAN	reviewed	C-X-C chemokine receptor type 4 (CXC-R4) (CXCR-4) (FB22) (Fusin) (HM89) (LCR1) (Leukocyte-derived seven transmembrane domain receptor) (LESTR) (Lipopolysaccharide-associated protein 3) (LAP-3) (LPS-associated protein 3) (NPYRL) (Stromal cell-derived factor 1 receptor) (SDF-1 receptor) (CD antigen CD184)	CXCR4	Homo sapiens (Human)	352	MOD_RES 7;  /note="Sulfotyrosine; partial";  /evidence="ECO:0000269|PubMed:18834145"; MOD_RES 12;  /note="Sulfotyrosine; partial";  /evidence="ECO:0000269|PubMed:18834145"; MOD_RES 21;  /note="Sulfotyrosine";  /evidence="ECO:0000269|PubMed:12034737, ECO:0000269|PubMed:16725153, ECO:0000269|PubMed:18834145"; MOD_RES 319;  /note="Phosphoserine";  /evidence="ECO:0000244|PubMed:18669648"; MOD_RES 321;  /note="Phosphoserine";  /evidence="ECO:0000244|PubMed:23186163, ECO:0000269|PubMed:20048153"; MOD_RES 324;  /note="Phosphoserine; by PKC and GRK6";  /evidence="ECO:0000244|PubMed:23186163, ECO:0000269|PubMed:19116316, ECO:0000269|PubMed:20048153"; MOD_RES 325;  /note="Phosphoserine; by PKC and GRK6";  /evidence="ECO:0000244|PubMed:23186163, ECO:0000269|PubMed:19116316, ECO:0000269|PubMed:20048153"; MOD_RES 330;  /note="Phosphoserine; by GRK6";  /evidence="ECO:0000269|PubMed:20048153"; MOD_RES 339;  /note="Phosphoserine; by GRK6";  /evidence="ECO:0000269|PubMed:20048153"; MOD_RES 348;  /note="Phosphoserine";  /evidence="ECO:0000244|PubMed:18669648"; MOD_RES 351;  /note="Phosphoserine";  /evidence="ECO:0000269|PubMed:20048153"
P0DP23	CALM1_HUMAN	reviewed	Calmodulin-1	CALM1 CALM CAM CAM1	Homo sapiens (Human)	149	MOD_RES 2;  /note="N-acetylalanine";  /evidence="ECO:0000244|PubMed:19413330, ECO:0000244|PubMed:22223895, ECO:0000244|PubMed:22814378, ECO:0000244|PubMed:25944712, ECO:0000269|PubMed:7093203, ECO:0000269|Ref.7"; MOD_RES 22;  /note="N6-acetyllysine; alternate";  /evidence="ECO:0000244|PubMed:19608861"; MOD_RES 45;  /note="Phosphothreonine; by CaMK4";  /evidence="ECO:0000250|UniProtKB:P0DP29"; MOD_RES 82;  /note="Phosphoserine";  /evidence="ECO:0000244|PubMed:23186163"; MOD_RES 95;  /note="N6-acetyllysine";  /evidence="ECO:0000244|PubMed:19608861"; MOD_RES 100;  /note="Phosphotyrosine";  /evidence="ECO:0000244|PubMed:18669648, ECO:0000244|PubMed:19690332"; MOD_RES 102;  /note="Phosphoserine";  /evidence="ECO:0000244|PubMed:21406692, ECO:0000244|PubMed:23186163, ECO:0000244|PubMed:24275569"; MOD_RES 111;  /note="Phosphothreonine";  /evidence="ECO:0000244|PubMed:24275569"; MOD_RES 116;  /note="N6,N6,N6-trimethyllysine; alternate";  /evidence="ECO:0000244|PubMed:24129315, ECO:0000269|PubMed:7093203"; MOD_RES 116;  /note="N6-methyllysine; alternate";  /evidence="ECO:0000244|PubMed:24129315"; MOD_RES 139;  /note="Phosphotyrosine";  /evidence="ECO:0000244|PubMed:19690332"
P04386	GAL4_YEAST	reviewed	Regulatory protein GAL4	GAL4 YPL248C	Saccharomyces cerevisiae (strain ATCC 204508 / S288c) (Baker's yeast)	881	MOD_RES 694;  /note="Phosphotyrosine";  /evidence="ECO:0000244|PubMed:19779198"; MOD_RES 696;  /note="Phosphoserine";  /evidence="ECO:0000244|PubMed:19779198"; MOD_RES 699;  /note="Phosphoserine";  /evidence="ECO:0000244|PubMed:19779198"; MOD_RES 703;  /note="Phosphoserine";  /evidence="ECO:0000244|PubMed:19779198"; MOD_RES 712;  /note="Phosphoserine";  /evidence="ECO:0000244|PubMed:18407956"
P42212	GFP_AEQVI	reviewed	Green fluorescent protein	GFP	Aequorea victoria (Jellyfish)	238	MOD_RES 66;  /note="(Z)-2,3-didehydrotyrosine";  /evidence="ECO:0000269|PubMed:8448132"
P13574	STE12_YEAST	reviewed	Protein STE12	STE12 YHR084W	Saccharomyces cerevisiae (strain ATCC 204508 / S288c) (Baker's yeast)	688	MOD_RES 29;  /note="Phosphothreonine";  /evidence="ECO:0000244|PubMed:17330950, ECO:0000244|PubMed:18407956"; MOD_RES 214;  /note="Phosphoserine";  /evidence="ECO:0000244|PubMed:19779198"; MOD_RES 226;  /note="Phosphoserine";  /evidence="ECO:0000244|PubMed:17330950, ECO:0000244|PubMed:18407956, ECO:0000244|PubMed:19779198"; MOD_RES 289;  /note="Phosphothreonine";  /evidence="ECO:0000244|PubMed:18407956"; MOD_RES 400;  /note="Phosphoserine";  /evidence="ECO:0000244|PubMed:17330950, ECO:0000244|PubMed:19779198"
P46937	YAP1_HUMAN	reviewed	Transcriptional coactivator YAP1 (Yes-associated protein 1) (Protein yorkie homolog) (Yes-associated protein YAP65 homolog)	YAP1 YAP65	Homo sapiens (Human)	504	MOD_RES 61;  /note="Phosphoserine; by LATS1 and LATS2";  /evidence="ECO:0000244|PubMed:18669648, ECO:0000244|PubMed:20068231, ECO:0000244|PubMed:21406692, ECO:0000244|PubMed:23186163, ECO:0000269|PubMed:17974916, ECO:0000269|PubMed:18158288"; MOD_RES 63;  /note="Phosphothreonine";  /evidence="ECO:0000244|PubMed:20068231"; MOD_RES 105;  /note="Phosphoserine";  /evidence="ECO:0000250|UniProtKB:Q2EJA0"; MOD_RES 109;  /note="Phosphoserine; by LATS1 and LATS2";  /evidence="ECO:0000244|PubMed:20068231, ECO:0000244|PubMed:23186163, ECO:0000269|PubMed:17974916, ECO:0000269|PubMed:18158288"; MOD_RES 110;  /note="Phosphothreonine";  /evidence="ECO:0000250|UniProtKB:Q2EJA0"; MOD_RES 119;  /note="Phosphothreonine; by MAPK8 and MAPK9";  /evidence="ECO:0000244|PubMed:20068231, ECO:0000244|PubMed:23186163, ECO:0000269|PubMed:21364637"; MOD_RES 127;  /note="Phosphoserine; by LATS1 and LATS2";  /evidence="ECO:0000244|PubMed:18669648, ECO:0000269|PubMed:17974916, ECO:0000269|PubMed:18158288, ECO:0000269|PubMed:20048001, ECO:0000269|PubMed:28169360"; MOD_RES 128;  /note="Phosphoserine";  /evidence="ECO:0000244|PubMed:24275569"; MOD_RES 131;  /note="Phosphoserine";  /evidence="ECO:0000244|PubMed:18669648, ECO:0000244|PubMed:24275569"; MOD_RES 138;  /note="Phosphoserine; by MAPK8 and MAPK9";  /evidence="ECO:0000244|PubMed:18669648, ECO:0000244|PubMed:20068231, ECO:0000269|PubMed:21364637"; MOD_RES 154;  /note="Phosphothreonine; by MAPK8 and MAPK9";  /evidence="ECO:0000244|PubMed:18669648, ECO:0000269|PubMed:21364637"; MOD_RES 164;  /note="Phosphoserine; by LATS1 and LATS2";  /evidence="ECO:0000269|PubMed:17974916, ECO:0000269|PubMed:18158288"; MOD_RES 274;  /note="Phosphoserine";  /evidence="ECO:0000244|PubMed:18669648, ECO:0000244|PubMed:20068231"; MOD_RES 289;  /note="Phosphoserine";  /evidence="ECO:0000244|PubMed:18669648, ECO:0000244|PubMed:20068231, ECO:0000244|PubMed:21406692, ECO:0000244|PubMed:23186163"; MOD_RES 367;  /note="Phosphoserine; by MAPK8 and MAPK9";  /evidence="ECO:0000244|PubMed:18669648, ECO:0000244|PubMed:20068231, ECO:0000244|PubMed:21406692, ECO:0000269|PubMed:21364637"; MOD_RES 371;  /note="Phosphoserine";  /evidence="ECO:0000244|PubMed:17525332"; MOD_RES 381;  /note="Phosphoserine";  /evidence="ECO:0000244|PubMed:23186163"; MOD_RES 382;  /note="Phosphoserine";  /evidence="ECO:0000244|PubMed:23186163"; MOD_RES 388;  /note="Phosphoserine";  /evidence="ECO:0000244|PubMed:23186163"; MOD_RES 397;  /note="Phosphoserine; by LATS1 and LATS2";  /evidence="ECO:0000269|PubMed:17974916, ECO:0000269|PubMed:18158288, ECO:0000269|PubMed:20048001, ECO:0000269|PubMed:28169360"; MOD_RES 400;  /note="Phosphoserine; by CK1";  /evidence="ECO:0000269|PubMed:20048001"; MOD_RES 403;  /note="Phosphoserine; by CK1";  /evidence="ECO:0000269|PubMed:20048001"; MOD_RES 407;  /note="Phosphotyrosine; by ABL1";  /evidence="ECO:0000269|PubMed:18280240"; MOD_RES 412;  /note="Phosphothreonine; by MAPK8 and MAPK9";  /evidence="ECO:0000269|PubMed:21364637"
Q13148	TADBP_HUMAN	reviewed	TAR DNA-binding protein 43 (TDP-43)	TARDBP TDP43	Homo sapiens (Human)	414	MOD_RES 183;  /note="Phosphoserine";  /evidence="ECO:0000244|PubMed:23186163"; MOD_RES 292;  /note="Phosphoserine";  /evidence="ECO:0000244|PubMed:19690332, ECO:0000244|PubMed:23186163, ECO:0000244|PubMed:24275569"; MOD_RES 293;  /note="Omega-N-methylarginine";  /evidence="ECO:0000244|PubMed:24129315"
Q9ES00	UBE4B_MOUSE	reviewed	Ubiquitin conjugation factor E4 B (EC 2.3.2.27) (RING-type E3 ubiquitin transferase E4 B) (Ubiquitin fusion degradation protein 2)	Ube4b Ufd2 Ufd2a	Mus musculus (Mouse)	1173	MOD_RES 1;  /note="N-acetylmethionine";  /evidence="ECO:0000250|UniProtKB:O95155"; MOD_RES 23;  /note="Phosphoserine";  /evidence="ECO:0000250|UniProtKB:O95155"; MOD_RES 31;  /note="Phosphoserine";  /evidence="ECO:0000244|PubMed:21183079"; MOD_RES 84;  /note="Phosphoserine";  /evidence="ECO:0000250|UniProtKB:O95155"; MOD_RES 88;  /note="Phosphoserine";  /evidence="ECO:0000244|PubMed:21183079"; MOD_RES 90;  /note="Phosphoserine";  /evidence="ECO:0000244|PubMed:21183079"; MOD_RES 101;  /note="Phosphoserine";  /evidence="ECO:0000244|PubMed:21183079"; MOD_RES 103;  /note="Phosphoserine";  /evidence="ECO:0000244|PubMed:21183079"; MOD_RES 105;  /note="Phosphoserine";  /evidence="ECO:0000250|UniProtKB:O95155"; MOD_RES 124;  /note="Phosphoserine";  /evidence="ECO:0000250|UniProtKB:O95155"; MOD_RES 238;  /note="Phosphoserine";  /evidence="ECO:0000250|UniProtKB:O95155"; MOD_RES 674;  /note="Phosphoserine";  /evidence="ECO:0000244|PubMed:21183079"; MOD_RES 840;  /note="Phosphoserine";  /evidence="ECO:0000244|PubMed:21183079"; MOD_RES 1136;  /note="Phosphoserine";  /evidence="ECO:0000250|UniProtKB:O95155"
P63279	UBC9_HUMAN	reviewed	SUMO-conjugating enzyme UBC9 (EC 2.3.2.-) (RING-type E3 SUMO transferase UBC9) (SUMO-protein ligase) (Ubiquitin carrier protein 9) (Ubiquitin carrier protein I) (Ubiquitin-conjugating enzyme E2 I) (Ubiquitin-protein ligase I) (p18)	UBE2I UBC9 UBCE9	Homo sapiens (Human)	158	MOD_RES 2;  /note="N-acetylserine";  /evidence="ECO:0000244|PubMed:19413330, ECO:0000244|PubMed:22814378"; MOD_RES 65;  /note="N6-acetyllysine";  /evidence="ECO:0000244|PubMed:19608861"; MOD_RES 71;  /note="Phosphoserine; by CDK1";  /evidence="ECO:0000244|PubMed:23186163, ECO:0000269|PubMed:22509284"
Q9H3S4	TPK1_HUMAN	reviewed	Thiamin pyrophosphokinase 1 (hTPK1) (EC 2.7.6.2) (Placental protein 20) (PP20) (Thiamine pyrophosphokinase 1)	TPK1	Homo sapiens (Human)	243	
P63165	SUMO1_HUMAN	reviewed	Small ubiquitin-related modifier 1 (SUMO-1) (GAP-modifying protein 1) (GMP1) (SMT3 homolog 3) (Sentrin) (Ubiquitin-homology domain protein PIC1) (Ubiquitin-like protein SMT3C) (Smt3C) (Ubiquitin-like protein UBL1)	SUMO1 SMT3C SMT3H3 UBL1 OK/SW-cl.43	Homo sapiens (Human)	101	MOD_RES 2;  /note="N-acetylserine";  /evidence="ECO:0000244|PubMed:19413330, ECO:0000244|PubMed:20068231, ECO:0000244|PubMed:21406692, ECO:0000269|PubMed:20388717"; MOD_RES 2;  /note="Phosphoserine";  /evidence="ECO:0000244|PubMed:17081983, ECO:0000244|PubMed:18691976, ECO:0000244|PubMed:20068231, ECO:0000244|PubMed:21406692, ECO:0000244|PubMed:23186163, ECO:0000269|PubMed:18707152"; MOD_RES 9;  /note="Phosphoserine";  /evidence="ECO:0000244|PubMed:20068231"; MOD_RES 32;  /note="Phosphoserine";  /evidence="ECO:0000244|PubMed:23186163"
P11436	AMIE_PSEAE	reviewed	Aliphatic amidase (EC 3.5.1.4) (Acylamide amidohydrolase)	amiE PA3366	Pseudomonas aeruginosa (strain ATCC 15692 / DSM 22644 / CIP 104116 / JCM 14847 / LMG 12228 / 1C / PRS 101 / PAO1)	346	
I6TAH8	I6TAH8_I68A0	unreviewed	Nucleoprotein (Nucleocapsid protein) (Protein N)	NP	Influenza A virus (strain A/Aichi/2/1968 H3N2)	498	
Q08JA8	Q08JA8_ECOLX	unreviewed	APH(3') family aminoglycoside O-phosphotransferase (Aminoglycoside 3'-phosphotransferase) (EC 2.7.1.95) (Aminoglycoside 3'-phosphotransferase (APH) kanamycin/neomycin resistance protein) (Aminoglycoside O-phosphotransferase APH(3')-IIa) (Aminoglycoside phosphotransferase) (Aminoglycoside-3'-O-phosphotransferase) (Kanamycin phosphotransferase type II (Aph(3')-IIa)) (Kanamycin resistance protein)	aph aph(3')-II aph(3')-IIa aphA-2 neo_2 A9R57_27830 BER14_27815 BJJ90_28735 BK334_14850 BK375_27295 BK383_14450 BvCmsNSP007_01404 BWI89_28840 C5P44_28765 C9Z68_24620 CDL37_18895 CQP61_00610 CR539_26955 D9K48_18625 DNQ45_27545 EAI42_00510 EAI46_00510 EHJ36_29660 EHJ36_31295 EIZ93_19620 ELV08_25525 EXX71_25870 F1E19_26280 FTV90_02730 FTV92_30520 RCS69_PI0004 RCS69_PI0065 SAMEA3472080_05396 SAMEA3753300_05383	Escherichia coli	264	
P69222	IF1_ECOLI	reviewed	Translation initiation factor IF-1	infA b0884 JW0867	Escherichia coli (strain K12)	72	
P03437	HEMA_I68A0	reviewed	Hemagglutinin [Cleaved into: Hemagglutinin HA1 chain; Hemagglutinin HA2 chain]	HA	Influenza A virus (strain A/Aichi/2/1968 H3N2)	566	
Q9UK59	DBR1_HUMAN	reviewed	Lariat debranching enzyme (EC 3.1.-.-)	DBR1	Homo sapiens (Human)	544	MOD_RES 128;  /note="N6-acetyllysine";  /evidence="ECO:0000244|PubMed:19608861"; MOD_RES 464;  /note="Phosphoserine";  /evidence="ECO:0000244|PubMed:24275569"; MOD_RES 474;  /note="Phosphoserine";  /evidence="ECO:0000244|PubMed:18669648"; MOD_RES 478;  /note="Phosphoserine";  /evidence="ECO:0000244|PubMed:18669648"; MOD_RES 479;  /note="Phosphoserine";  /evidence="ECO:0000244|PubMed:18669648"; MOD_RES 485;  /note="Phosphoserine";  /evidence="ECO:0000250|UniProtKB:Q923B1"; MOD_RES 499;  /note="Phosphoserine";  /evidence="ECO:0000250|UniProtKB:Q923B1"; MOD_RES 514;  /note="Phosphoserine";  /evidence="ECO:0000244|PubMed:17081983, ECO:0000244|PubMed:20068231, ECO:0000244|PubMed:21406692, ECO:0000244|PubMed:23186163"
P19909	SPG2_STRSG	reviewed	Immunoglobulin G-binding protein G (IgG-binding protein G)	spg	Streptococcus sp. group G	593	MOD_RES 562;  /note="Pentaglycyl murein peptidoglycan amidated threonine";  /evidence="ECO:0000255|PROSITE-ProRule:PRU00477"
P51580	TPMT_HUMAN	reviewed	Thiopurine S-methyltransferase (EC 2.1.1.67) (Thiopurine methyltransferase)	TPMT	Homo sapiens (Human)	245	MOD_RES 14;  /note="Phosphoserine";  /evidence="ECO:0000244|PubMed:18669648, ECO:0000244|PubMed:19690332, ECO:0000244|PubMed:24275569"; MOD_RES 58;  /note="N6-acetyllysine";  /evidence="ECO:0000244|PubMed:19608861"
